featured_in,image_urls,images,name_image
"Editorial,https://plus.unsplash.com/premium_photo-1701634706445-d216477cdc17?q=80&w=1032&auto=format&fit=crop&ixlib=rb-4.0.3&ixid=M3wxMjA3fDB8MHxwaG90by1wYWdlfHx8fGVufDB8fHx8fA%3D%3D,""[{'url': 'https://plus.unsplash.com/premium_photo-1701634706445-d216477cdc17?q=80&w=1032&auto=format&fit=crop&ixlib=rb-4.0.3&ixid=M3wxMjA3fDB8MHxwaG90by1wYWdlfHx8fGVufDB8fHx8fA%3D%3D', 'path': 'full/e17c315a881588e33bc89f6fcf1cdca3e22c9700.jpg', 'checksum': '38796613c58313baafc06579ce242571', 'status': 'uptodate'}]"",a blurry image of a pink and blue background"
"Editorial,https://images.unsplash.com/photo-1719216324034-2910e4347532?q=80&w=387&auto=format&fit=crop&ixlib=rb-4.0.3&ixid=M3wxMjA3fDB8MHxwaG90by1wYWdlfHx8fGVufDB8fHx8fA%3D%3D,""[{'url': 'https://images.unsplash.com/photo-1719216324034-2910e4347532?q=80&w=387&auto=format&fit=crop&ixlib=rb-4.0.3&ixid=M3wxMjA3fDB8MHxwaG90by1wYWdlfHx8fGVufDB8fHx8fA%3D%3D', 'path': 'full/4d6159a81145445d13457e747d09035a75c5e04e.jpg', 'checksum': '5092f51ff96ddc0fcaf74c952b35b22d', 'status': 'uptodate'}]"",A town with a mountain in the background"
"Editorial,Business & Work,https://images.unsplash.com/photo-1719150016704-270c5a0deee4?q=80&w=871&auto=format&fit=crop&ixlib=rb-4.0.3&ixid=M3wxMjA3fDB8MHxwaG90by1wYWdlfHx8fGVufDB8fHx8fA%3D%3D,""[{'url': 'https://images.unsplash.com/photo-1719150016704-270c5a0deee4?q=80&w=871&auto=format&fit=crop&ixlib=rb-4.0.3&ixid=M3wxMjA3fDB8MHxwaG90by1wYWdlfHx8fGVufDB8fHx8fA%3D%3D', 'path': 'full/b17f3fd18534fad217a519c796f816ce396ed5c3.jpg', 'checksum': 'ce69e17d3f3b761ee70e763cc606606d', 'status': 'uptodate'}]"",""A room with a desk, chairs, and a lamp"""
"Editorial,https://images.unsplash.com/photo-1718248028309-db8540d397c0?q=80&w=870&auto=format&fit=crop&ixlib=rb-4.0.3&ixid=M3wxMjA3fDB8MHxwaG90by1wYWdlfHx8fGVufDB8fHx8fA%3D%3D,""[{'url': 'https://images.unsplash.com/photo-1718248028309-db8540d397c0?q=80&w=870&auto=format&fit=crop&ixlib=rb-4.0.3&ixid=M3wxMjA3fDB8MHxwaG90by1wYWdlfHx8fGVufDB8fHx8fA%3D%3D', 'path': 'full/f6d9aacb5c6b1db42d9811ee95ab7067715bcc8c.jpg', 'checksum': '96374d55b7c22fd0e3ffeb27145389d7', 'status': 'uptodate'}]"",a series of photos of a man jumping in the air"
"Editorial,Pastels,https://images.unsplash.com/photo-1718511609335-a261357388a1?q=80&w=387&auto=format&fit=crop&ixlib=rb-4.0.3&ixid=M3wxMjA3fDB8MHxwaG90by1wYWdlfHx8fGVufDB8fHx8fA%3D%3D,""[{'url': 'https://images.unsplash.com/photo-1718511609335-a261357388a1?q=80&w=387&auto=format&fit=crop&ixlib=rb-4.0.3&ixid=M3wxMjA3fDB8MHxwaG90by1wYWdlfHx8fGVufDB8fHx8fA%3D%3D', 'path': 'full/73af4c6e09aaf156bd80683f75b9af28289e398e.jpg', 'checksum': '96ae0d0d622a3b38016b88c1a1bba988', 'status': 'uptodate'}]"",a palm tree on the side of a mountain"
"Editorial,3D Renders,https://images.unsplash.com/photo-1717501219905-2711c58ab655?q=80&w=1032&auto=format&fit=crop&ixlib=rb-4.0.3&ixid=M3wxMjA3fDB8MHxwaG90by1wYWdlfHx8fGVufDB8fHx8fA%3D%3D,""[{'url': 'https://images.unsplash.com/photo-1717501219905-2711c58ab655?q=80&w=1032&auto=format&fit=crop&ixlib=rb-4.0.3&ixid=M3wxMjA3fDB8MHxwaG90by1wYWdlfHx8fGVufDB8fHx8fA%3D%3D', 'path': 'full/da9ea7951df45044f848e46b368395bef448c823.jpg', 'checksum': '1bc59051e613483d6a1eb8e63b853bcd', 'status': 'uptodate'}]"",a group of hands reaching up into a pile of food"
"Editorial,Pastels,https://images.unsplash.com/photo-1718567234348-c5f184c46a23?q=80&w=580&auto=format&fit=crop&ixlib=rb-4.0.3&ixid=M3wxMjA3fDB8MHxwaG90by1wYWdlfHx8fGVufDB8fHx8fA%3D%3D,""[{'url': 'https://images.unsplash.com/photo-1718567234348-c5f184c46a23?q=80&w=580&auto=format&fit=crop&ixlib=rb-4.0.3&ixid=M3wxMjA3fDB8MHxwaG90by1wYWdlfHx8fGVufDB8fHx8fA%3D%3D', 'path': 'full/6d07e4e1c9717c979229e3f5f88f0efbc2a6f6c2.jpg', 'checksum': 'a759071f5d4154445fde9718ecd0a3fa', 'status': 'uptodate'}]"",A couple of boats sitting on top of a beach"
"Editorial,Nature,Travel,https://images.unsplash.com/photo-1714241759740-75a397e2a174?q=80&w=726&auto=format&fit=crop&ixlib=rb-4.0.3&ixid=M3wxMjA3fDB8MHxwaG90by1wYWdlfHx8fGVufDB8fHx8fA%3D%3D,""[{'url': 'https://images.unsplash.com/photo-1714241759740-75a397e2a174?q=80&w=726&auto=format&fit=crop&ixlib=rb-4.0.3&ixid=M3wxMjA3fDB8MHxwaG90by1wYWdlfHx8fGVufDB8fHx8fA%3D%3D', 'path': 'full/a24f78468e83cb1bc245f4a356cb9785175e6ec6.jpg', 'checksum': 'ed63f27ba0e3ca28111e3d32e4643542', 'status': 'uptodate'}]"",a small green plant in the middle of a desert"
"Editorial,Street Photography,https://images.unsplash.com/photo-1719176372917-6c96c3608161?q=80&w=387&auto=format&fit=crop&ixlib=rb-4.0.3&ixid=M3wxMjA3fDB8MHxwaG90by1wYWdlfHx8fGVufDB8fHx8fA%3D%3D,""[{'url': 'https://images.unsplash.com/photo-1719176372917-6c96c3608161?q=80&w=387&auto=format&fit=crop&ixlib=rb-4.0.3&ixid=M3wxMjA3fDB8MHxwaG90by1wYWdlfHx8fGVufDB8fHx8fA%3D%3D', 'path': 'full/641168ed6e4a9c2029cf92c5b30c9063f3aee230.jpg', 'checksum': '4b163b5f8892b1ef6af856bf62862bdb', 'status': 'uptodate'}]"",A city street filled with lots of tall buildings"
"Editorial,https://images.unsplash.com/photo-1718134292837-ce1963ed20ab?q=80&w=387&auto=format&fit=crop&ixlib=rb-4.0.3&ixid=M3wxMjA3fDB8MHxwaG90by1wYWdlfHx8fGVufDB8fHx8fA%3D%3D,""[{'url': 'https://images.unsplash.com/photo-1718134292837-ce1963ed20ab?q=80&w=387&auto=format&fit=crop&ixlib=rb-4.0.3&ixid=M3wxMjA3fDB8MHxwaG90by1wYWdlfHx8fGVufDB8fHx8fA%3D%3D', 'path': 'full/18f9f12bbc6e96c9c4572f369cf3fba649ee8d62.jpg', 'checksum': '7cf4b0bac8cf09e59d1d4bba3268bbe7', 'status': 'uptodate'}]"",a cat drinking water from a pool of water"
"Editorial,https://images.unsplash.com/photo-1717361489708-de6167d42293?q=80&w=387&auto=format&fit=crop&ixlib=rb-4.0.3&ixid=M3wxMjA3fDB8MHxwaG90by1wYWdlfHx8fGVufDB8fHx8fA%3D%3D,""[{'url': 'https://images.unsplash.com/photo-1717361489708-de6167d42293?q=80&w=387&auto=format&fit=crop&ixlib=rb-4.0.3&ixid=M3wxMjA3fDB8MHxwaG90by1wYWdlfHx8fGVufDB8fHx8fA%3D%3D', 'path': 'full/4eb8cc0ec118476dc30878bf98099eb3ac204ffb.jpg', 'checksum': '200a388dd6ad08e85bc719a22bb5f081', 'status': 'uptodate'}]"",a man walking along a beach next to the ocean"
"Editorial,https://images.unsplash.com/photo-1719216323699-79e62fbc6a56?q=80&w=387&auto=format&fit=crop&ixlib=rb-4.0.3&ixid=M3wxMjA3fDB8MHxwaG90by1wYWdlfHx8fGVufDB8fHx8fA%3D%3D,""[{'url': 'https://images.unsplash.com/photo-1719216323699-79e62fbc6a56?q=80&w=387&auto=format&fit=crop&ixlib=rb-4.0.3&ixid=M3wxMjA3fDB8MHxwaG90by1wYWdlfHx8fGVufDB8fHx8fA%3D%3D', 'path': 'full/2cfedbf0531cde8e26d2159e359002d6e8bdef7d.jpg', 'checksum': '760140964d5cc76c01f98b24f39c1648', 'status': 'uptodate'}]"",A couple of cows standing on top of a snow covered field"
"Editorial,https://images.unsplash.com/photo-1719165626474-c7cbb9c6416b?q=80&w=871&auto=format&fit=crop&ixlib=rb-4.0.3&ixid=M3wxMjA3fDB8MHxwaG90by1wYWdlfHx8fGVufDB8fHx8fA%3D%3D,""[{'url': 'https://images.unsplash.com/photo-1719165626474-c7cbb9c6416b?q=80&w=871&auto=format&fit=crop&ixlib=rb-4.0.3&ixid=M3wxMjA3fDB8MHxwaG90by1wYWdlfHx8fGVufDB8fHx8fA%3D%3D', 'path': 'full/d29fbfc0c41a4ab3ce893c41a37e10b6eb5590b2.jpg', 'checksum': '7fb9a54678adb5cf86f9d70a1c753aa0', 'status': 'uptodate'}]"",A full moon is seen through the clouds"
"Editorial,Street Photography,https://images.unsplash.com/photo-1719273659346-feb0ae0c38fc?q=80&w=870&auto=format&fit=crop&ixlib=rb-4.0.3&ixid=M3wxMjA3fDB8MHxwaG90by1wYWdlfHx8fGVufDB8fHx8fA%3D%3D,""[{'url': 'https://images.unsplash.com/photo-1719273659346-feb0ae0c38fc?q=80&w=870&auto=format&fit=crop&ixlib=rb-4.0.3&ixid=M3wxMjA3fDB8MHxwaG90by1wYWdlfHx8fGVufDB8fHx8fA%3D%3D', 'path': 'full/b975ce1871f7081e55f5f84a16ae1c492ab38a73.jpg', 'checksum': '027e242651c636c4d9ace86b25982b1b', 'status': 'uptodate'}]"",A group of people standing outside of a building"
"Editorial,Pastels,https://images.unsplash.com/photo-1718653480001-fac940468c7c?q=80&w=387&auto=format&fit=crop&ixlib=rb-4.0.3&ixid=M3wxMjA3fDB8MHxwaG90by1wYWdlfHx8fGVufDB8fHx8fA%3D%3D,""[{'url': 'https://images.unsplash.com/photo-1718653480001-fac940468c7c?q=80&w=387&auto=format&fit=crop&ixlib=rb-4.0.3&ixid=M3wxMjA3fDB8MHxwaG90by1wYWdlfHx8fGVufDB8fHx8fA%3D%3D', 'path': 'full/5cee7718330698792f3a1fc799b105203b123ccf.jpg', 'checksum': '691df0553b1fd58a56a4a54600a5c905', 'status': 'uptodate'}]"",A bunch of blue flowers that are in a vase"
"Editorial,Pastels,https://images.unsplash.com/photo-1718223733463-2c3b08ad93ae?q=80&w=387&auto=format&fit=crop&ixlib=rb-4.0.3&ixid=M3wxMjA3fDB8MHxwaG90by1wYWdlfHx8fGVufDB8fHx8fA%3D%3D,""[{'url': 'https://images.unsplash.com/photo-1718223733463-2c3b08ad93ae?q=80&w=387&auto=format&fit=crop&ixlib=rb-4.0.3&ixid=M3wxMjA3fDB8MHxwaG90by1wYWdlfHx8fGVufDB8fHx8fA%3D%3D', 'path': 'full/034f667914bd4cac7b1fdb344056d3fb18f79349.jpg', 'checksum': 'ea0eee146c8539fe40d1414bff8edf49', 'status': 'uptodate'}]"",a bunch of pink flowers that are in a vase"
"Editorial,Pastels,https://images.unsplash.com/photo-1718039006421-81c84b456981?q=80&w=387&auto=format&fit=crop&ixlib=rb-4.0.3&ixid=M3wxMjA3fDB8MHxwaG90by1wYWdlfHx8fGVufDB8fHx8fA%3D%3D,""[{'url': 'https://images.unsplash.com/photo-1718039006421-81c84b456981?q=80&w=387&auto=format&fit=crop&ixlib=rb-4.0.3&ixid=M3wxMjA3fDB8MHxwaG90by1wYWdlfHx8fGVufDB8fHx8fA%3D%3D', 'path': 'full/732bd83417ae112cda0ac31e5d6d0c3bc60afdaf.jpg', 'checksum': '039a55c503e868b932919d8942443a95', 'status': 'uptodate'}]"",a blue car parked on the side of the road"
"Editorial,https://images.unsplash.com/photo-1719175190794-c9067ca34d69?q=80&w=969&auto=format&fit=crop&ixlib=rb-4.0.3&ixid=M3wxMjA3fDB8MHxwaG90by1wYWdlfHx8fGVufDB8fHx8fA%3D%3D,""[{'url': 'https://images.unsplash.com/photo-1719175190794-c9067ca34d69?q=80&w=969&auto=format&fit=crop&ixlib=rb-4.0.3&ixid=M3wxMjA3fDB8MHxwaG90by1wYWdlfHx8fGVufDB8fHx8fA%3D%3D', 'path': 'full/3fd92cb8b4921bb3d7ba1427efa6982bf6c8ced1.jpg', 'checksum': 'd5cca7ee1454dd536f31ce7f7f3a876d', 'status': 'uptodate'}]"",A woman in a pink bikini on a boat"
"Editorial,https://plus.unsplash.com/premium_photo-1687653078299-ae7fc1453bc4?q=80&w=870&auto=format&fit=crop&ixlib=rb-4.0.3&ixid=M3wxMjA3fDB8MHxwaG90by1wYWdlfHx8fGVufDB8fHx8fA%3D%3D,""[{'url': 'https://plus.unsplash.com/premium_photo-1687653078299-ae7fc1453bc4?q=80&w=870&auto=format&fit=crop&ixlib=rb-4.0.3&ixid=M3wxMjA3fDB8MHxwaG90by1wYWdlfHx8fGVufDB8fHx8fA%3D%3D', 'path': 'full/5acf0d62d124a7deab2c933594c85bdeff0e9755.jpg', 'checksum': 'a88ef4504e457e44f071eac8e9ad7973', 'status': 'uptodate'}]"",a man and two women walking on the beach"
"Editorial,Street Photography,Travel,https://images.unsplash.com/photo-1715313165669-75e73d60e662?q=80&w=391&auto=format&fit=crop&ixlib=rb-4.0.3&ixid=M3wxMjA3fDB8MHxwaG90by1wYWdlfHx8fGVufDB8fHx8fA%3D%3D,""[{'url': 'https://images.unsplash.com/photo-1715313165669-75e73d60e662?q=80&w=391&auto=format&fit=crop&ixlib=rb-4.0.3&ixid=M3wxMjA3fDB8MHxwaG90by1wYWdlfHx8fGVufDB8fHx8fA%3D%3D', 'path': 'full/5676bbb58f4d60709d8452001dcce7e3fc6b2413.jpg', 'checksum': 'a862eee04c5ca56a9abacd7c297b9150', 'status': 'uptodate'}]"",a train traveling over a bridge over a river"
"Editorial,https://plus.unsplash.com/premium_photo-1714674732106-1c00baa1c904?q=80&w=870&auto=format&fit=crop&ixlib=rb-4.0.3&ixid=M3wxMjA3fDB8MHxwaG90by1wYWdlfHx8fGVufDB8fHx8fA%3D%3D,""[{'url': 'https://plus.unsplash.com/premium_photo-1714674732106-1c00baa1c904?q=80&w=870&auto=format&fit=crop&ixlib=rb-4.0.3&ixid=M3wxMjA3fDB8MHxwaG90by1wYWdlfHx8fGVufDB8fHx8fA%3D%3D', 'path': 'full/e24a525b8228f9c2b826fc744bfcb780989435d4.jpg', 'checksum': 'dcf4a806727d1a499af07cd58a513888', 'status': 'uptodate'}]"",a couple of people sitting in a room"
"Editorial,https://plus.unsplash.com/premium_photo-1719243160985-192a57ea945c?q=80&w=812&auto=format&fit=crop&ixlib=rb-4.0.3&ixid=M3wxMjA3fDB8MHxwaG90by1wYWdlfHx8fGVufDB8fHx8fA%3D%3D,""[{'url': 'https://plus.unsplash.com/premium_photo-1719243160985-192a57ea945c?q=80&w=812&auto=format&fit=crop&ixlib=rb-4.0.3&ixid=M3wxMjA3fDB8MHxwaG90by1wYWdlfHx8fGVufDB8fHx8fA%3D%3D', 'path': 'full/88fa25c59d8b6d964e59dc302272444e19e8d2a3.jpg', 'checksum': '4812d30b1c82e0bad074e4cc5e2da299', 'status': 'uptodate'}]"",A close up of a board game with pieces"
"Editorial,https://plus.unsplash.com/premium_photo-1719060852424-e8400d1bbb4b?q=80&w=387&auto=format&fit=crop&ixlib=rb-4.0.3&ixid=M3wxMjA3fDB8MHxwaG90by1wYWdlfHx8fGVufDB8fHx8fA%3D%3D,""[{'url': 'https://plus.unsplash.com/premium_photo-1719060852424-e8400d1bbb4b?q=80&w=387&auto=format&fit=crop&ixlib=rb-4.0.3&ixid=M3wxMjA3fDB8MHxwaG90by1wYWdlfHx8fGVufDB8fHx8fA%3D%3D', 'path': 'full/c35b83eb3806bc4ecdf34720cc47b9093db6e1f8.jpg', 'checksum': '35efd57073fed9ab42eaffa6209408dd', 'status': 'uptodate'}]"",A man in a white suit is holding a string"
"Editorial,https://plus.unsplash.com/premium_photo-1711174131091-1d0911281e59?q=80&w=870&auto=format&fit=crop&ixlib=rb-4.0.3&ixid=M3wxMjA3fDB8MHxwaG90by1wYWdlfHx8fGVufDB8fHx8fA%3D%3D,""[{'url': 'https://plus.unsplash.com/premium_photo-1711174131091-1d0911281e59?q=80&w=870&auto=format&fit=crop&ixlib=rb-4.0.3&ixid=M3wxMjA3fDB8MHxwaG90by1wYWdlfHx8fGVufDB8fHx8fA%3D%3D', 'path': 'full/edbdb9eed61d218dd98c68236300538892169d65.jpg', 'checksum': 'a84b66b5ddc71e5547f96db88916628f', 'status': 'uptodate'}]"",a man sitting on a table working on a piece of cloth"
featured_in,image_urls,images,name_image
"Editorial,https://plus.unsplash.com/premium_photo-1701634706445-d216477cdc17?q=80&w=1032&auto=format&fit=crop&ixlib=rb-4.0.3&ixid=M3wxMjA3fDB8MHxwaG90by1wYWdlfHx8fGVufDB8fHx8fA%3D%3D,""[{'url': 'https://plus.unsplash.com/premium_photo-1701634706445-d216477cdc17?q=80&w=1032&auto=format&fit=crop&ixlib=rb-4.0.3&ixid=M3wxMjA3fDB8MHxwaG90by1wYWdlfHx8fGVufDB8fHx8fA%3D%3D', 'path': 'Editorial/premium_photo-1701634706445-d216477cdc17', 'checksum': '38796613c58313baafc06579ce242571', 'status': 'uptodate'}]"",a blurry image of a pink and blue background"
"Editorial,https://images.unsplash.com/photo-1719175190794-c9067ca34d69?q=80&w=969&auto=format&fit=crop&ixlib=rb-4.0.3&ixid=M3wxMjA3fDB8MHxwaG90by1wYWdlfHx8fGVufDB8fHx8fA%3D%3D,""[{'url': 'https://images.unsplash.com/photo-1719175190794-c9067ca34d69?q=80&w=969&auto=format&fit=crop&ixlib=rb-4.0.3&ixid=M3wxMjA3fDB8MHxwaG90by1wYWdlfHx8fGVufDB8fHx8fA%3D%3D', 'path': 'Editorial/photo-1719175190794-c9067ca34d69', 'checksum': 'd5cca7ee1454dd536f31ce7f7f3a876d', 'status': 'uptodate'}]"",A woman in a pink bikini on a boat"
"Editorial,https://plus.unsplash.com/premium_photo-1687653078299-ae7fc1453bc4?q=80&w=870&auto=format&fit=crop&ixlib=rb-4.0.3&ixid=M3wxMjA3fDB8MHxwaG90by1wYWdlfHx8fGVufDB8fHx8fA%3D%3D,""[{'url': 'https://plus.unsplash.com/premium_photo-1687653078299-ae7fc1453bc4?q=80&w=870&auto=format&fit=crop&ixlib=rb-4.0.3&ixid=M3wxMjA3fDB8MHxwaG90by1wYWdlfHx8fGVufDB8fHx8fA%3D%3D', 'path': 'Editorial/premium_photo-1687653078299-ae7fc1453bc4', 'checksum': 'a88ef4504e457e44f071eac8e9ad7973', 'status': 'uptodate'}]"",a man and two women walking on the beach"
"Editorial,3D Renders,https://images.unsplash.com/photo-1717501219905-2711c58ab655?q=80&w=1032&auto=format&fit=crop&ixlib=rb-4.0.3&ixid=M3wxMjA3fDB8MHxwaG90by1wYWdlfHx8fGVufDB8fHx8fA%3D%3D,""[{'url': 'https://images.unsplash.com/photo-1717501219905-2711c58ab655?q=80&w=1032&auto=format&fit=crop&ixlib=rb-4.0.3&ixid=M3wxMjA3fDB8MHxwaG90by1wYWdlfHx8fGVufDB8fHx8fA%3D%3D', 'path': 'Editorial/photo-1717501219905-2711c58ab655', 'checksum': '1bc59051e613483d6a1eb8e63b853bcd', 'status': 'uptodate'}]"",a group of hands reaching up into a pile of food"
"Editorial,https://images.unsplash.com/photo-1717361489708-de6167d42293?q=80&w=387&auto=format&fit=crop&ixlib=rb-4.0.3&ixid=M3wxMjA3fDB8MHxwaG90by1wYWdlfHx8fGVufDB8fHx8fA%3D%3D,""[{'url': 'https://images.unsplash.com/photo-1717361489708-de6167d42293?q=80&w=387&auto=format&fit=crop&ixlib=rb-4.0.3&ixid=M3wxMjA3fDB8MHxwaG90by1wYWdlfHx8fGVufDB8fHx8fA%3D%3D', 'path': 'Editorial/photo-1717361489708-de6167d42293', 'checksum': '200a388dd6ad08e85bc719a22bb5f081', 'status': 'uptodate'}]"",a man walking along a beach next to the ocean"
"Editorial,Street Photography,https://images.unsplash.com/photo-1719273659346-feb0ae0c38fc?q=80&w=870&auto=format&fit=crop&ixlib=rb-4.0.3&ixid=M3wxMjA3fDB8MHxwaG90by1wYWdlfHx8fGVufDB8fHx8fA%3D%3D,""[{'url': 'https://images.unsplash.com/photo-1719273659346-feb0ae0c38fc?q=80&w=870&auto=format&fit=crop&ixlib=rb-4.0.3&ixid=M3wxMjA3fDB8MHxwaG90by1wYWdlfHx8fGVufDB8fHx8fA%3D%3D', 'path': 'Editorial/photo-1719273659346-feb0ae0c38fc', 'checksum': '027e242651c636c4d9ace86b25982b1b', 'status': 'uptodate'}]"",A group of people standing outside of a building"
"Editorial,https://plus.unsplash.com/premium_photo-1714674732106-1c00baa1c904?q=80&w=870&auto=format&fit=crop&ixlib=rb-4.0.3&ixid=M3wxMjA3fDB8MHxwaG90by1wYWdlfHx8fGVufDB8fHx8fA%3D%3D,""[{'url': 'https://plus.unsplash.com/premium_photo-1714674732106-1c00baa1c904?q=80&w=870&auto=format&fit=crop&ixlib=rb-4.0.3&ixid=M3wxMjA3fDB8MHxwaG90by1wYWdlfHx8fGVufDB8fHx8fA%3D%3D', 'path': 'Editorial/premium_photo-1714674732106-1c00baa1c904', 'checksum': 'dcf4a806727d1a499af07cd58a513888', 'status': 'uptodate'}]"",a couple of people sitting in a room"
"Editorial,https://images.unsplash.com/photo-1718134292837-ce1963ed20ab?q=80&w=387&auto=format&fit=crop&ixlib=rb-4.0.3&ixid=M3wxMjA3fDB8MHxwaG90by1wYWdlfHx8fGVufDB8fHx8fA%3D%3D,""[{'url': 'https://images.unsplash.com/photo-1718134292837-ce1963ed20ab?q=80&w=387&auto=format&fit=crop&ixlib=rb-4.0.3&ixid=M3wxMjA3fDB8MHxwaG90by1wYWdlfHx8fGVufDB8fHx8fA%3D%3D', 'path': 'Editorial/photo-1718134292837-ce1963ed20ab', 'checksum': '7cf4b0bac8cf09e59d1d4bba3268bbe7', 'status': 'uptodate'}]"",a cat drinking water from a pool of water"
"Editorial,https://images.unsplash.com/photo-1719216323699-79e62fbc6a56?q=80&w=387&auto=format&fit=crop&ixlib=rb-4.0.3&ixid=M3wxMjA3fDB8MHxwaG90by1wYWdlfHx8fGVufDB8fHx8fA%3D%3D,""[{'url': 'https://images.unsplash.com/photo-1719216323699-79e62fbc6a56?q=80&w=387&auto=format&fit=crop&ixlib=rb-4.0.3&ixid=M3wxMjA3fDB8MHxwaG90by1wYWdlfHx8fGVufDB8fHx8fA%3D%3D', 'path': 'Editorial/photo-1719216323699-79e62fbc6a56', 'checksum': '760140964d5cc76c01f98b24f39c1648', 'status': 'uptodate'}]"",A couple of cows standing on top of a snow covered field"
"Editorial,https://images.unsplash.com/photo-1719165626474-c7cbb9c6416b?q=80&w=871&auto=format&fit=crop&ixlib=rb-4.0.3&ixid=M3wxMjA3fDB8MHxwaG90by1wYWdlfHx8fGVufDB8fHx8fA%3D%3D,""[{'url': 'https://images.unsplash.com/photo-1719165626474-c7cbb9c6416b?q=80&w=871&auto=format&fit=crop&ixlib=rb-4.0.3&ixid=M3wxMjA3fDB8MHxwaG90by1wYWdlfHx8fGVufDB8fHx8fA%3D%3D', 'path': 'Editorial/photo-1719165626474-c7cbb9c6416b', 'checksum': '7fb9a54678adb5cf86f9d70a1c753aa0', 'status': 'uptodate'}]"",A full moon is seen through the clouds"
"Editorial,Pastels,https://images.unsplash.com/photo-1718653480001-fac940468c7c?q=80&w=387&auto=format&fit=crop&ixlib=rb-4.0.3&ixid=M3wxMjA3fDB8MHxwaG90by1wYWdlfHx8fGVufDB8fHx8fA%3D%3D,""[{'url': 'https://images.unsplash.com/photo-1718653480001-fac940468c7c?q=80&w=387&auto=format&fit=crop&ixlib=rb-4.0.3&ixid=M3wxMjA3fDB8MHxwaG90by1wYWdlfHx8fGVufDB8fHx8fA%3D%3D', 'path': 'Editorial/photo-1718653480001-fac940468c7c', 'checksum': '691df0553b1fd58a56a4a54600a5c905', 'status': 'uptodate'}]"",A bunch of blue flowers that are in a vase"
"Editorial,https://plus.unsplash.com/premium_photo-1719243160985-192a57ea945c?q=80&w=812&auto=format&fit=crop&ixlib=rb-4.0.3&ixid=M3wxMjA3fDB8MHxwaG90by1wYWdlfHx8fGVufDB8fHx8fA%3D%3D,""[{'url': 'https://plus.unsplash.com/premium_photo-1719243160985-192a57ea945c?q=80&w=812&auto=format&fit=crop&ixlib=rb-4.0.3&ixid=M3wxMjA3fDB8MHxwaG90by1wYWdlfHx8fGVufDB8fHx8fA%3D%3D', 'path': 'Editorial/premium_photo-1719243160985-192a57ea945c', 'checksum': '4812d30b1c82e0bad074e4cc5e2da299', 'status': 'uptodate'}]"",A close up of a board game with pieces"
"Editorial,Pastels,https://images.unsplash.com/photo-1718223733463-2c3b08ad93ae?q=80&w=387&auto=format&fit=crop&ixlib=rb-4.0.3&ixid=M3wxMjA3fDB8MHxwaG90by1wYWdlfHx8fGVufDB8fHx8fA%3D%3D,""[{'url': 'https://images.unsplash.com/photo-1718223733463-2c3b08ad93ae?q=80&w=387&auto=format&fit=crop&ixlib=rb-4.0.3&ixid=M3wxMjA3fDB8MHxwaG90by1wYWdlfHx8fGVufDB8fHx8fA%3D%3D', 'path': 'Editorial/photo-1718223733463-2c3b08ad93ae', 'checksum': 'ea0eee146c8539fe40d1414bff8edf49', 'status': 'uptodate'}]"",a bunch of pink flowers that are in a vase"
"Editorial,Pastels,https://images.unsplash.com/photo-1718039006421-81c84b456981?q=80&w=387&auto=format&fit=crop&ixlib=rb-4.0.3&ixid=M3wxMjA3fDB8MHxwaG90by1wYWdlfHx8fGVufDB8fHx8fA%3D%3D,""[{'url': 'https://images.unsplash.com/photo-1718039006421-81c84b456981?q=80&w=387&auto=format&fit=crop&ixlib=rb-4.0.3&ixid=M3wxMjA3fDB8MHxwaG90by1wYWdlfHx8fGVufDB8fHx8fA%3D%3D', 'path': 'Editorial/photo-1718039006421-81c84b456981', 'checksum': '039a55c503e868b932919d8942443a95', 'status': 'uptodate'}]"",a blue car parked on the side of the road"
"Editorial,https://plus.unsplash.com/premium_photo-1719060852424-e8400d1bbb4b?q=80&w=387&auto=format&fit=crop&ixlib=rb-4.0.3&ixid=M3wxMjA3fDB8MHxwaG90by1wYWdlfHx8fGVufDB8fHx8fA%3D%3D,""[{'url': 'https://plus.unsplash.com/premium_photo-1719060852424-e8400d1bbb4b?q=80&w=387&auto=format&fit=crop&ixlib=rb-4.0.3&ixid=M3wxMjA3fDB8MHxwaG90by1wYWdlfHx8fGVufDB8fHx8fA%3D%3D', 'path': 'Editorial/premium_photo-1719060852424-e8400d1bbb4b', 'checksum': '35efd57073fed9ab42eaffa6209408dd', 'status': 'uptodate'}]"",A man in a white suit is holding a string"
"Editorial,Street Photography,Travel,https://images.unsplash.com/photo-1715313165669-75e73d60e662?q=80&w=391&auto=format&fit=crop&ixlib=rb-4.0.3&ixid=M3wxMjA3fDB8MHxwaG90by1wYWdlfHx8fGVufDB8fHx8fA%3D%3D,""[{'url': 'https://images.unsplash.com/photo-1715313165669-75e73d60e662?q=80&w=391&auto=format&fit=crop&ixlib=rb-4.0.3&ixid=M3wxMjA3fDB8MHxwaG90by1wYWdlfHx8fGVufDB8fHx8fA%3D%3D', 'path': 'Editorial/photo-1715313165669-75e73d60e662', 'checksum': 'a862eee04c5ca56a9abacd7c297b9150', 'status': 'uptodate'}]"",a train traveling over a bridge over a river"
"Editorial,Pastels,https://images.unsplash.com/photo-1718511609335-a261357388a1?q=80&w=387&auto=format&fit=crop&ixlib=rb-4.0.3&ixid=M3wxMjA3fDB8MHxwaG90by1wYWdlfHx8fGVufDB8fHx8fA%3D%3D,""[{'url': 'https://images.unsplash.com/photo-1718511609335-a261357388a1?q=80&w=387&auto=format&fit=crop&ixlib=rb-4.0.3&ixid=M3wxMjA3fDB8MHxwaG90by1wYWdlfHx8fGVufDB8fHx8fA%3D%3D', 'path': 'Editorial/photo-1718511609335-a261357388a1', 'checksum': '96ae0d0d622a3b38016b88c1a1bba988', 'status': 'uptodate'}]"",a palm tree on the side of a mountain"
"Editorial,Pastels,https://images.unsplash.com/photo-1718567234348-c5f184c46a23?q=80&w=580&auto=format&fit=crop&ixlib=rb-4.0.3&ixid=M3wxMjA3fDB8MHxwaG90by1wYWdlfHx8fGVufDB8fHx8fA%3D%3D,""[{'url': 'https://images.unsplash.com/photo-1718567234348-c5f184c46a23?q=80&w=580&auto=format&fit=crop&ixlib=rb-4.0.3&ixid=M3wxMjA3fDB8MHxwaG90by1wYWdlfHx8fGVufDB8fHx8fA%3D%3D', 'path': 'Editorial/photo-1718567234348-c5f184c46a23', 'checksum': 'a759071f5d4154445fde9718ecd0a3fa', 'status': 'uptodate'}]"",A couple of boats sitting on top of a beach"
"Editorial,https://plus.unsplash.com/premium_photo-1711174131091-1d0911281e59?q=80&w=870&auto=format&fit=crop&ixlib=rb-4.0.3&ixid=M3wxMjA3fDB8MHxwaG90by1wYWdlfHx8fGVufDB8fHx8fA%3D%3D,""[{'url': 'https://plus.unsplash.com/premium_photo-1711174131091-1d0911281e59?q=80&w=870&auto=format&fit=crop&ixlib=rb-4.0.3&ixid=M3wxMjA3fDB8MHxwaG90by1wYWdlfHx8fGVufDB8fHx8fA%3D%3D', 'path': 'Editorial/premium_photo-1711174131091-1d0911281e59', 'checksum': 'a84b66b5ddc71e5547f96db88916628f', 'status': 'uptodate'}]"",a man sitting on a table working on a piece of cloth"
"Editorial,Street Photography,https://images.unsplash.com/photo-1719176372917-6c96c3608161?q=80&w=387&auto=format&fit=crop&ixlib=rb-4.0.3&ixid=M3wxMjA3fDB8MHxwaG90by1wYWdlfHx8fGVufDB8fHx8fA%3D%3D,""[{'url': 'https://images.unsplash.com/photo-1719176372917-6c96c3608161?q=80&w=387&auto=format&fit=crop&ixlib=rb-4.0.3&ixid=M3wxMjA3fDB8MHxwaG90by1wYWdlfHx8fGVufDB8fHx8fA%3D%3D', 'path': 'Editorial/photo-1719176372917-6c96c3608161', 'checksum': '4b163b5f8892b1ef6af856bf62862bdb', 'status': 'uptodate'}]"",A city street filled with lots of tall buildings"
"Editorial,Business & Work,https://images.unsplash.com/photo-1719150016704-270c5a0deee4?q=80&w=871&auto=format&fit=crop&ixlib=rb-4.0.3&ixid=M3wxMjA3fDB8MHxwaG90by1wYWdlfHx8fGVufDB8fHx8fA%3D%3D,""[{'url': 'https://images.unsplash.com/photo-1719150016704-270c5a0deee4?q=80&w=871&auto=format&fit=crop&ixlib=rb-4.0.3&ixid=M3wxMjA3fDB8MHxwaG90by1wYWdlfHx8fGVufDB8fHx8fA%3D%3D', 'path': 'Editorial/photo-1719150016704-270c5a0deee4', 'checksum': 'ce69e17d3f3b761ee70e763cc606606d', 'status': 'uptodate'}]"",""A room with a desk, chairs, and a lamp"""
"Editorial,https://images.unsplash.com/photo-1719216324034-2910e4347532?q=80&w=387&auto=format&fit=crop&ixlib=rb-4.0.3&ixid=M3wxMjA3fDB8MHxwaG90by1wYWdlfHx8fGVufDB8fHx8fA%3D%3D,""[{'url': 'https://images.unsplash.com/photo-1719216324034-2910e4347532?q=80&w=387&auto=format&fit=crop&ixlib=rb-4.0.3&ixid=M3wxMjA3fDB8MHxwaG90by1wYWdlfHx8fGVufDB8fHx8fA%3D%3D', 'path': 'Editorial/photo-1719216324034-2910e4347532', 'checksum': '5092f51ff96ddc0fcaf74c952b35b22d', 'status': 'uptodate'}]"",A town with a mountain in the background"
"Editorial,https://images.unsplash.com/photo-1718248028309-db8540d397c0?q=80&w=870&auto=format&fit=crop&ixlib=rb-4.0.3&ixid=M3wxMjA3fDB8MHxwaG90by1wYWdlfHx8fGVufDB8fHx8fA%3D%3D,""[{'url': 'https://images.unsplash.com/photo-1718248028309-db8540d397c0?q=80&w=870&auto=format&fit=crop&ixlib=rb-4.0.3&ixid=M3wxMjA3fDB8MHxwaG90by1wYWdlfHx8fGVufDB8fHx8fA%3D%3D', 'path': 'Editorial/photo-1718248028309-db8540d397c0', 'checksum': '96374d55b7c22fd0e3ffeb27145389d7', 'status': 'uptodate'}]"",a series of photos of a man jumping in the air"
"Editorial,Nature,Travel,https://images.unsplash.com/photo-1714241759740-75a397e2a174?q=80&w=726&auto=format&fit=crop&ixlib=rb-4.0.3&ixid=M3wxMjA3fDB8MHxwaG90by1wYWdlfHx8fGVufDB8fHx8fA%3D%3D,""[{'url': 'https://images.unsplash.com/photo-1714241759740-75a397e2a174?q=80&w=726&auto=format&fit=crop&ixlib=rb-4.0.3&ixid=M3wxMjA3fDB8MHxwaG90by1wYWdlfHx8fGVufDB8fHx8fA%3D%3D', 'path': 'Editorial/photo-1714241759740-75a397e2a174', 'checksum': 'ed63f27ba0e3ca28111e3d32e4643542', 'status': 'uptodate'}]"",a small green plant in the middle of a desert"
